file,kind,old_id,new_id
assets/json/lessons/terminology.json,lesson,lesson_term_2.20,lesson_term_18.00
assets/json/lessons/terminology.json,flashcard,flashcard_lesson_term_2.20,flashcard_lesson_term_18.00
assets/json/lessons/knots.json,lesson,lesson_knot_1.10,lesson_knot_03.00
assets/json/lessons/knots.json,flashcard,flashcard_lesson_knot_1.10_b0020d94,flashcard_lesson_knot_03.00_b0020d94
assets/json/lessons/knots.json,lesson,lesson_knot_1.20,lesson_knot_04.00
assets/json/lessons/knots.json,flashcard,flashcard_lesson_knot_1.20_c2fc53c5,flashcard_lesson_knot_04.00_c2fc53c5
assets/json/lessons/knots.json,lesson,lesson_knot_1.30,lesson_knot_05.00
assets/json/lessons/knots.json,flashcard,flashcard_lesson_knot_1.30_68f632db,flashcard_lesson_knot_05.00_68f632db
assets/json/lessons/knots.json,lesson,lesson_knot_1.40,lesson_knot_06.00
assets/json/lessons/knots.json,flashcard,flashcard_lesson_knot_1.40_e899b253,flashcard_lesson_knot_06.00_e899b253
assets/json/lessons/knots.json,lesson,lesson_knot_1.50,lesson_knot_07.00
assets/json/lessons/knots.json,flashcard,flashcard_lesson_knot_1.50_f530fc84,flashcard_lesson_knot_07.00_f530fc84
assets/json/lessons/knots.json,lesson,lesson_knot_1.60,lesson_knot_08.00
assets/json/lessons/knots.json,flashcard,flashcard_lesson_knot_1.60_886d228c,flashcard_lesson_knot_08.00_886d228c
assets/json/lessons/knots.json,lesson,lesson_knot_1.70,lesson_knot_09.00
assets/json/lessons/knots.json,flashcard,flashcard_lesson_knot_1.70_ebae5f02,flashcard_lesson_knot_09.00_ebae5f02
assets/json/lessons/knots.json,lesson,lesson_knot_1.80,lesson_knot_10.00
assets/json/lessons/knots.json,flashcard,flashcard_lesson_knot_1.80_9b23933c,flashcard_lesson_knot_10.00_9b23933c
assets/json/lessons/knots.json,lesson,lesson_knot_1.90,lesson_knot_11.00
assets/json/lessons/knots.json,flashcard,flashcard_lesson_knot_1.90_51c81c58,flashcard_lesson_knot_11.00_51c81c58
assets/json/lessons/knots.json,lesson,lesson_knot_2.10,lesson_knot_12.00
assets/json/lessons/knots.json,flashcard,flashcard_lesson_knot_2.10_4a7fddf9,flashcard_lesson_knot_12.00_4a7fddf9
assets/json/lessons/knots.json,lesson,lesson_knot_2.20,lesson_knot_13.00
assets/json/lessons/knots.json,flashcard,flashcard_lesson_knot_2.20_cb6cd544,flashcard_lesson_knot_13.00_cb6cd544
assets/json/lessons/knots.json,lesson,lesson_knot_2.30,lesson_knot_14.00
assets/json/lessons/knots.json,flashcard,flashcard_lesson_knot_2.30_98bd811c,flashcard_lesson_knot_14.00_98bd811c
assets/json/lessons/knots.json,lesson,lesson_knot_2.40,lesson_knot_15.00
assets/json/lessons/knots.json,flashcard,flashcard_lesson_knot_2.40_184aef76,flashcard_lesson_knot_15.00_184aef76
assets/json/lessons/knots.json,lesson,lesson_knot_2.50,lesson_knot_16.00
assets/json/lessons/knots.json,flashcard,flashcard_lesson_knot_2.50_e10e9b91,flashcard_lesson_knot_16.00_e10e9b91
assets/json/lessons/docking.json,lesson,lesson_dock_1.10,lesson_dock_10.00
assets/json/lessons/docking.json,flashcard,flashcard_lesson_dock_1.10,flashcard_lesson_dock_10.00
assets/json/lessons/teamwork.json,lesson,lesson_team_3.10,lesson_team_18.00
assets/json/lessons/teamwork.json,flashcard,flashcard_lesson_team_3.10_32ff1f5e,flashcard_lesson_team_18.00_32ff1f5e
assets/json/lessons/safety.json,lesson,lesson_safety_1.10,lesson_safety_03.00
assets/json/lessons/safety.json,flashcard,flashcard_lesson_safety_1.10_3bd483de,flashcard_lesson_safety_03.00_3bd483de
assets/json/lessons/safety.json,lesson,lesson_safety_1.20,lesson_safety_04.00
assets/json/lessons/safety.json,flashcard,flashcard_lesson_safety_1.20_2d33d0f5,flashcard_lesson_safety_04.00_2d33d0f5
assets/json/lessons/safety.json,lesson,lesson_safety_1.30,lesson_safety_05.00
assets/json/lessons/safety.json,lesson,lesson_safety_1.35,lesson_safety_06.00
assets/json/lessons/safety.json,flashcard,flashcard_lesson_safety_1.35_a32356b0,flashcard_lesson_safety_06.00_a32356b0
assets/json/lessons/safety.json,lesson,lesson_safety_1.40,lesson_safety_07.00
assets/json/lessons/safety.json,flashcard,flashcard_lesson_safety_1.40_ef045273,flashcard_lesson_safety_07.00_ef045273
assets/json/lessons/safety.json,lesson,lesson_safety_1.50,lesson_safety_08.00
assets/json/lessons/safety.json,flashcard,flashcard_lesson_safety_1.50_cb74fa82,flashcard_lesson_safety_08.00_cb74fa82
assets/json/lessons/safety.json,lesson,lesson_safety_1.60,lesson_safety_09.00
assets/json/lessons/safety.json,flashcard,flashcard_lesson_safety_1.60_9ed57560,flashcard_lesson_safety_09.00_9ed57560
assets/json/lessons/safety.json,lesson,lesson_safety_1.70,lesson_safety_10.00
assets/json/lessons/safety.json,flashcard,flashcard_lesson_safety_1.70_52eb7a88,flashcard_lesson_safety_10.00_52eb7a88
assets/json/lessons/safety.json,lesson,lesson_safety_1.80,lesson_safety_11.00
assets/json/lessons/safety.json,flashcard,flashcard_lesson_safety_1.80_a3001eb8,flashcard_lesson_safety_11.00_a3001eb8
assets/json/lessons/safety.json,lesson,lesson_safety_1.90,lesson_safety_12.00
assets/json/lessons/safety.json,flashcard,flashcard_lesson_safety_1.90_615b41c2,flashcard_lesson_safety_12.00_615b41c2
assets/json/lessons/safety.json,lesson,lesson_safety_2.10,lesson_safety_13.00
assets/json/lessons/safety.json,flashcard,flashcard_lesson_safety_2.10_f5ccf8c0,flashcard_lesson_safety_13.00_f5ccf8c0
assets/json/lessons/safety.json,lesson,lesson_safety_2.20,lesson_safety_14.00
assets/json/lessons/safety.json,flashcard,flashcard_lesson_safety_2.20_131241b8,flashcard_lesson_safety_14.00_131241b8
assets/json/lessons/safety.json,lesson,lesson_safety_2.30,lesson_safety_15.00
assets/json/lessons/safety.json,flashcard,flashcard_lesson_safety_2.30_fe22213d,flashcard_lesson_safety_15.00_fe22213d
assets/json/lessons/safety.json,lesson,lesson_safety_2.40,lesson_safety_16.00
assets/json/lessons/safety.json,flashcard,flashcard_lesson_safety_2.40_7578affd,flashcard_lesson_safety_16.00_7578affd
assets/json/lessons/safety.json,lesson,lesson_safety_2.50,lesson_safety_17.00
assets/json/lessons/safety.json,flashcard,flashcard_lesson_safety_2.50_e7d920d9,flashcard_lesson_safety_17.00_e7d920d9
assets/json/lessons/safety.json,lesson,lesson_safety_2.60,lesson_safety_18.00
assets/json/lessons/safety.json,flashcard,flashcard_lesson_safety_2.60_e1931390,flashcard_lesson_safety_18.00_e1931390
assets/json/parts/hull.json,part,part_hull_1.10,part_hull_03.00
assets/json/parts/hull.json,flashcard,flashcard_part_hull_1.10_ea6cd5c0,flashcard_part_hull_03.00_ea6cd5c0
assets/json/parts/hull.json,part,part_hull_1.20,part_hull_04.00
assets/json/parts/hull.json,flashcard,flashcard_part_hull_1.20_d2abc594,flashcard_part_hull_04.00_d2abc594
assets/json/parts/hull.json,part,part_hull_1.30,part_hull_05.00
assets/json/parts/hull.json,flashcard,flashcard_part_hull_1.30_b72bf7ac,flashcard_part_hull_05.00_b72bf7ac
assets/json/parts/hull.json,part,part_hull_1.40,part_hull_06.00
assets/json/parts/hull.json,flashcard,flashcard_part_hull_1.40_20bd6816,flashcard_part_hull_06.00_20bd6816
assets/json/parts/hull.json,part,part_hull_1.50,part_hull_07.00
assets/json/parts/hull.json,flashcard,flashcard_part_hull_1.50_de2d34e7,flashcard_part_hull_07.00_de2d34e7
assets/json/parts/hull.json,part,part_hull_1.60,part_hull_08.00
assets/json/parts/hull.json,flashcard,flashcard_part_hull_1.60_6fc39b63,flashcard_part_hull_08.00_6fc39b63
assets/json/parts/hull.json,part,part_hull_1.70,part_hull_09.00
assets/json/parts/hull.json,flashcard,flashcard_part_hull_1.70_637b9713,flashcard_part_hull_09.00_637b9713
assets/json/parts/hull.json,part,part_hull_1.80,part_hull_10.00
assets/json/parts/hull.json,flashcard,flashcard_part_hull_1.80_1b9be326,flashcard_part_hull_10.00_1b9be326
assets/json/parts/hull.json,part,part_hull_1.90,part_hull_11.00
assets/json/parts/hull.json,flashcard,flashcard_part_hull_1.90_0bfb47f9,flashcard_part_hull_11.00_0bfb47f9
assets/json/parts/hull.json,part,part_hull_2.10,part_hull_12.00
assets/json/parts/hull.json,flashcard,flashcard_part_hull_2.10_a7d299ba,flashcard_part_hull_12.00_a7d299ba
assets/json/parts/hull.json,part,part_hull_2.20,part_hull_13.00
assets/json/parts/hull.json,flashcard,flashcard_part_hull_2.20_4dcd73c4,flashcard_part_hull_13.00_4dcd73c4
assets/json/parts/hull.json,part,part_hull_2.30,part_hull_14.00
assets/json/parts/hull.json,flashcard,flashcard_part_hull_2.30_0ac01b5a,flashcard_part_hull_14.00_0ac01b5a
assets/json/parts/hull.json,part,part_hull_2.40,part_hull_15.00
assets/json/parts/hull.json,flashcard,flashcard_part_hull_2.40_7834093a,flashcard_part_hull_15.00_7834093a
assets/json/parts/hull.json,part,part_hull_2.50,part_hull_16.00
assets/json/parts/hull.json,flashcard,flashcard_part_hull_2.50_5a74ec25,flashcard_part_hull_16.00_5a74ec25
assets/json/parts/hull.json,part,part_hull_2.60,part_hull_17.00
assets/json/parts/hull.json,flashcard,flashcard_part_hull_2.60_5de36517,flashcard_part_hull_17.00_5de36517
assets/json/parts/hull.json,part,part_hull_2.70,part_hull_18.00
assets/json/parts/hull.json,flashcard,flashcard_part_hull_2.70_cad59e64,flashcard_part_hull_18.00_cad59e64
assets/json/parts/rigging.json,part,part_rigg_1.20,part_rigg_03.00
assets/json/parts/rigging.json,flashcard,flashcard_part_rigg_1.20_35b0fe92,flashcard_part_rigg_03.00_35b0fe92
assets/json/parts/rigging.json,part,part_rigg_1.30,part_rigg_04.00
assets/json/parts/rigging.json,flashcard,flashcard_part_rigg_1.30_14f7054d,flashcard_part_rigg_04.00_14f7054d
assets/json/parts/rigging.json,part,part_rigg_1.40,part_rigg_05.00
assets/json/parts/rigging.json,flashcard,flashcard_part_rigg_1.40_9a3a3a94,flashcard_part_rigg_05.00_9a3a3a94
assets/json/parts/rigging.json,part,part_rigg_1.50,part_rigg_06.00
assets/json/parts/rigging.json,flashcard,flashcard_part_rigg_1.50_3133ae6d,flashcard_part_rigg_06.00_3133ae6d
assets/json/parts/rigging.json,part,part_rigg_1.60,part_rigg_07.00
assets/json/parts/rigging.json,flashcard,flashcard_part_rigg_1.60_bb5b0f0b,flashcard_part_rigg_07.00_bb5b0f0b
assets/json/parts/rigging.json,part,part_rigg_1.70,part_rigg_08.00
assets/json/parts/rigging.json,flashcard,flashcard_part_rigg_1.70_45f329ee,flashcard_part_rigg_08.00_45f329ee
assets/json/parts/rigging.json,part,part_rigg_1.80,part_rigg_09.00
assets/json/parts/rigging.json,flashcard,flashcard_part_rigg_1.80_5bf3d9fd,flashcard_part_rigg_09.00_5bf3d9fd
assets/json/parts/rigging.json,part,part_rigg_1.90,part_rigg_10.00
assets/json/parts/rigging.json,flashcard,flashcard_part_rigg_1.90_3e3fba1a,flashcard_part_rigg_10.00_3e3fba1a
assets/json/parts/rigging.json,part,part_rigg_2.10,part_rigg_11.00
assets/json/parts/rigging.json,flashcard,flashcard_part_rigg_2.10_bbcb36a0,flashcard_part_rigg_11.00_bbcb36a0
assets/json/parts/rigging.json,part,part_rigg_2.20,part_rigg_12.00
assets/json/parts/rigging.json,flashcard,flashcard_part_rigg_2.20_db0dc813,flashcard_part_rigg_12.00_db0dc813
assets/json/parts/rigging.json,part,part_rigg_2.30,part_rigg_13.00
assets/json/parts/rigging.json,flashcard,flashcard_part_rigg_2.30_e9e6a374,flashcard_part_rigg_13.00_e9e6a374
assets/json/parts/rigging.json,part,part_rigg_2.40,part_rigg_14.00
assets/json/parts/rigging.json,flashcard,flashcard_part_rigg_2.40_dace4426,flashcard_part_rigg_14.00_dace4426
assets/json/parts/rigging.json,part,part_rigg_2.50,part_rigg_15.00
assets/json/parts/rigging.json,flashcard,flashcard_part_rigg_2.50_be2a14bc,flashcard_part_rigg_15.00_be2a14bc
assets/json/parts/rigging.json,part,part_rigg_2.60,part_rigg_16.00
assets/json/parts/rigging.json,flashcard,flashcard_part_rigg_2.60_2139455e,flashcard_part_rigg_16.00_2139455e
assets/json/parts/rigging.json,part,part_rigg_2.70,part_rigg_17.00
assets/json/parts/rigging.json,flashcard,flashcard_part_rigg_2.70_cbc741a6,flashcard_part_rigg_17.00_cbc741a6
assets/json/parts/deck.json,part,part_deck_1.10,part_deck_03.00
assets/json/parts/deck.json,flashcard,flashcard_part_deck_1.10_240d567b,flashcard_part_deck_03.00_240d567b
assets/json/parts/deck.json,part,part_deck_1.20,part_deck_04.00
assets/json/parts/deck.json,flashcard,flashcard_part_deck_1.20_7373034f,flashcard_part_deck_04.00_7373034f
assets/json/parts/deck.json,part,part_deck_1.30,part_deck_05.00
assets/json/parts/deck.json,flashcard,flashcard_part_deck_1.30_15dfe4f2,flashcard_part_deck_05.00_15dfe4f2
assets/json/parts/deck.json,part,part_deck_1.40,part_deck_06.00
assets/json/parts/deck.json,flashcard,flashcard_part_deck_1.40_04b996e7,flashcard_part_deck_06.00_04b996e7
assets/json/parts/deck.json,part,part_deck_1.50,part_deck_07.00
assets/json/parts/deck.json,flashcard,flashcard_part_deck_1.50_d4c83aa2,flashcard_part_deck_07.00_d4c83aa2
assets/json/parts/deck.json,part,part_deck_1.60,part_deck_08.00
assets/json/parts/deck.json,flashcard,flashcard_part_deck_1.60_a6e0ed67,flashcard_part_deck_08.00_a6e0ed67
assets/json/parts/deck.json,part,part_deck_1.70,part_deck_09.00
assets/json/parts/deck.json,flashcard,flashcard_part_deck_1.70_f42eaa92,flashcard_part_deck_09.00_f42eaa92
assets/json/parts/deck.json,part,part_deck_1.80,part_deck_10.00
assets/json/parts/deck.json,flashcard,flashcard_part_deck_1.80_a035fad8,flashcard_part_deck_10.00_a035fad8
assets/json/parts/deck.json,part,part_deck_1.90,part_deck_11.00
assets/json/parts/deck.json,flashcard,flashcard_part_deck_1.90_a0d9f850,flashcard_part_deck_11.00_a0d9f850
assets/json/parts/deck.json,part,part_deck_2.10,part_deck_12.00
assets/json/parts/deck.json,flashcard,flashcard_part_deck_2.10_6ddb87d8,flashcard_part_deck_12.00_6ddb87d8
assets/json/parts/deck.json,part,part_deck_2.20,part_deck_13.00
assets/json/parts/deck.json,flashcard,flashcard_part_deck_2.20_1b23dacc,flashcard_part_deck_13.00_1b23dacc
assets/json/parts/deck.json,part,part_deck_2.30,part_deck_14.00
assets/json/parts/deck.json,flashcard,flashcard_part_deck_2.30_88565710,flashcard_part_deck_14.00_88565710
assets/json/parts/deck.json,part,part_deck_2.40,part_deck_15.00
assets/json/parts/deck.json,flashcard,flashcard_part_deck_2.40_d5f05c37,flashcard_part_deck_15.00_d5f05c37
assets/json/parts/deck.json,part,part_deck_2.50,part_deck_16.00
assets/json/parts/deck.json,flashcard,flashcard_part_deck_2.50_b6a6ee8d,flashcard_part_deck_16.00_b6a6ee8d
assets/json/parts/deck.json,part,part_deck_2.60,part_deck_17.00
assets/json/parts/deck.json,flashcard,flashcard_part_deck_2.60_d42fc816,flashcard_part_deck_17.00_d42fc816
assets/json/parts/interior.json,part,part_intr_1.10,part_intr_03.00
assets/json/parts/interior.json,flashcard,flashcard_part_intr_1.10_c0aaccf3,flashcard_part_intr_03.00_c0aaccf3
assets/json/parts/interior.json,part,part_intr_1.20,part_intr_04.00
assets/json/parts/interior.json,flashcard,flashcard_part_intr_1.20_b5b92461,flashcard_part_intr_04.00_b5b92461
assets/json/parts/interior.json,part,part_intr_1.30,part_intr_05.00
assets/json/parts/interior.json,flashcard,flashcard_part_intr_1.30_7894e431,flashcard_part_intr_05.00_7894e431
assets/json/parts/interior.json,part,part_intr_1.40,part_intr_06.00
assets/json/parts/interior.json,flashcard,flashcard_part_intr_1.40_5f0a55b3,flashcard_part_intr_06.00_5f0a55b3
assets/json/parts/interior.json,part,part_intr_1.50,part_intr_07.00
assets/json/parts/interior.json,flashcard,flashcard_part_intr_1.50_cb78853a,flashcard_part_intr_07.00_cb78853a
assets/json/parts/interior.json,part,part_intr_1.60,part_intr_08.00
assets/json/parts/interior.json,flashcard,flashcard_part_intr_1.60_e0446b31,flashcard_part_intr_08.00_e0446b31
assets/json/parts/interior.json,part,part_intr_1.70,part_intr_09.00
assets/json/parts/interior.json,flashcard,flashcard_part_intr_1.70_fa04c8bd,flashcard_part_intr_09.00_fa04c8bd
assets/json/parts/interior.json,part,part_intr_1.80,part_intr_10.00
assets/json/parts/interior.json,flashcard,flashcard_part_intr_1.80_b94cedbe,flashcard_part_intr_10.00_b94cedbe
assets/json/parts/interior.json,part,part_intr_1.90,part_intr_11.00
assets/json/parts/interior.json,flashcard,flashcard_part_intr_1.90_f02165fe,flashcard_part_intr_11.00_f02165fe
assets/json/parts/interior.json,part,part_intr_2.05,part_intr_12.00
assets/json/parts/interior.json,flashcard,flashcard_part_intr_2.05_072bed3e,flashcard_part_intr_12.00_072bed3e
assets/json/parts/interior.json,part,part_intr_2.10,part_intr_13.00
assets/json/parts/interior.json,flashcard,flashcard_part_intr_2.10_df39d8df,flashcard_part_intr_13.00_df39d8df
assets/json/parts/interior.json,part,part_intr_2.20,part_intr_14.00
assets/json/parts/interior.json,flashcard,flashcard_part_intr_2.20_f9d4ce4b,flashcard_part_intr_14.00_f9d4ce4b
assets/json/parts/interior.json,part,part_intr_2.30,part_intr_15.00
assets/json/parts/interior.json,flashcard,flashcard_part_intr_2.30_06a1e936,flashcard_part_intr_15.00_06a1e936
assets/json/parts/interior.json,part,part_intr_2.40,part_intr_16.00
assets/json/parts/interior.json,flashcard,flashcard_part_intr_2.40_d22cd1fe,flashcard_part_intr_16.00_d22cd1fe
assets/json/parts/interior.json,part,part_intr_2.50,part_intr_17.00
assets/json/parts/interior.json,flashcard,flashcard_part_intr_2.50_354005e5,flashcard_part_intr_17.00_354005e5
assets/json/parts/interior.json,part,part_intr_2.60,part_intr_18.00
assets/json/parts/interior.json,flashcard,flashcard_part_intr_2.60_97f975f5,flashcard_part_intr_18.00_97f975f5
assets/json/parts/sails.json,part,part_sail_1.10,part_sail_03.00
assets/json/parts/sails.json,flashcard,flashcard_part_sail_1.10_f2d651ea,flashcard_part_sail_03.00_f2d651ea
assets/json/parts/sails.json,part,part_sail_1.20,part_sail_04.00
assets/json/parts/sails.json,flashcard,flashcard_part_sail_1.20_34386018,flashcard_part_sail_04.00_34386018
assets/json/parts/sails.json,part,part_sail_1.30,part_sail_05.00
assets/json/parts/sails.json,flashcard,flashcard_part_sail_1.30_2b1474c2,flashcard_part_sail_05.00_2b1474c2
assets/json/parts/sails.json,part,part_sail_1.40,part_sail_06.00
assets/json/parts/sails.json,flashcard,flashcard_part_sail_1.40_e12a8887,flashcard_part_sail_06.00_e12a8887
assets/json/parts/sails.json,part,part_sail_1.50,part_sail_07.00
assets/json/parts/sails.json,flashcard,flashcard_part_sail_1.50_adc7310c,flashcard_part_sail_07.00_adc7310c
assets/json/parts/sails.json,part,part_sail_1.60,part_sail_08.00
assets/json/parts/sails.json,flashcard,flashcard_part_sail_1.60_d8d8b064,flashcard_part_sail_08.00_d8d8b064
assets/json/parts/sails.json,part,part_sail_1.70,part_sail_09.00
assets/json/parts/sails.json,flashcard,flashcard_part_sail_1.70_ff749f35,flashcard_part_sail_09.00_ff749f35
assets/json/parts/sails.json,part,part_sail_1.80,part_sail_10.00
assets/json/parts/sails.json,flashcard,flashcard_part_sail_1.80_6ab3ff4b,flashcard_part_sail_10.00_6ab3ff4b
assets/json/parts/sails.json,part,part_sail_1.90,part_sail_11.00
assets/json/parts/sails.json,flashcard,flashcard_part_sail_1.90_29ee5fe0,flashcard_part_sail_11.00_29ee5fe0
assets/json/parts/sails.json,part,part_sail_2.10,part_sail_12.00
assets/json/parts/sails.json,flashcard,flashcard_part_sail_2.10_8192ea9c,flashcard_part_sail_12.00_8192ea9c
assets/json/parts/sails.json,part,part_sail_2.20,part_sail_13.00
assets/json/parts/sails.json,flashcard,flashcard_part_sail_2.20_8c655292,flashcard_part_sail_13.00_8c655292
assets/json/parts/sails.json,part,part_sail_2.30,part_sail_14.00
assets/json/parts/sails.json,flashcard,flashcard_part_sail_2.30_264b7ec9,flashcard_part_sail_14.00_264b7ec9
assets/json/parts/sails.json,part,part_sail_2.40,part_sail_15.00
assets/json/parts/sails.json,flashcard,flashcard_part_sail_2.40_55d114b1,flashcard_part_sail_15.00_55d114b1
assets/json/parts/sails.json,part,part_sail_2.50,part_sail_16.00
assets/json/parts/sails.json,flashcard,flashcard_part_sail_2.50_744355c5,flashcard_part_sail_16.00_744355c5
assets/json/parts/sails.json,part,part_sail_2.60,part_sail_17.00
assets/json/parts/sails.json,flashcard,flashcard_part_sail_2.60_195a84ec,flashcard_part_sail_17.00_195a84ec
assets/json/tools/navigation.json,tool,tool_gps_1.10,tool_gps_02.00
assets/json/tools/navigation.json,flashcard,flashcard_tool_gps_1.10_e4e1b4f5,flashcard_tool_gps_02.00_e4e1b4f5
assets/json/tools/engine.json,tool,tool_mot_1.10,tool_mot_02.00
assets/json/tools/engine.json,flashcard,flashcard_tool_mot_1.10_1ac909eb,flashcard_tool_mot_02.00_1ac909eb
assets/json/tools/colregs.json,tool,tool_rules_1.10,tool_rules_02.00
assets/json/tools/colregs.json,flashcard,flashcard_tool_rules_1.10_e5692016,flashcard_tool_rules_02.00_e5692016
assets/json/paths/competent_crew.json,path_item,lesson_safety_1.20,lesson_safety_04.00
assets/json/paths/competent_crew.json,path_item,lesson_safety_1.30,lesson_safety_05.00
assets/json/paths/competent_crew.json,path_item,part_hull_1.10,part_hull_03.00
assets/json/paths/competent_crew.json,path_item,part_hull_1.20,part_hull_04.00
assets/json/paths/competent_crew.json,path_item,lesson_safety_1.10,lesson_safety_03.00
assets/json/paths/competent_crew.json,path_item,lesson_safety_1.80,lesson_safety_11.00
assets/json/paths/competent_crew.json,path_item,lesson_safety_1.70,lesson_safety_10.00
assets/json/paths/competent_crew.json,path_item,part_rigg_1.20,part_rigg_03.00
assets/json/paths/competent_crew.json,path_item,lesson_knot_1.10,lesson_knot_03.00
assets/json/paths/competent_crew.json,path_item,lesson_knot_1.20,lesson_knot_04.00
assets/json/paths/competent_crew.json,path_item,lesson_knot_1.30,lesson_knot_05.00
assets/json/paths/competent_crew.json,path_item,lesson_knot_1.50,lesson_knot_07.00
assets/json/paths/competent_crew.json,path_item,lesson_knot_1.60,lesson_knot_08.00
assets/json/paths/competent_crew.json,path_item,tool_mot_1.10,tool_mot_02.00
assets/json/paths/competent_crew.json,path_item,part_sail_1.20,part_sail_04.00
assets/json/paths/competent_crew.json,path_item,part_rigg_1.80,part_rigg_09.00
assets/json/paths/competent_crew.json,path_item,part_sail_1.50,part_sail_07.00
assets/json/paths/competent_crew.json,path_item,part_sail_1.60,part_sail_08.00
assets/json/paths/competent_crew.json,path_item,part_sail_1.70,part_sail_09.00
assets/json/paths/competent_crew.json,path_item,part_rigg_1.90,part_rigg_10.00
assets/json/paths/competent_crew.json,path_item,part_sail_2.20,part_sail_13.00
assets/json/paths/competent_crew.json,path_item,tool_rules_1.10,tool_rules_02.00
assets/json/paths/competent_crew.json,path_item,lesson_safety_1.40,lesson_safety_07.00
assets/json/paths/competent_crew.json,path_item,part_sail_2.10,part_sail_12.00
assets/json/paths/competent_crew.json,path_item,lesson_safety_2.50,lesson_safety_17.00
assets/json/paths/competent_crew.json,path_item,lesson_safety_1.80,lesson_safety_11.00
